{
  "by_technique": {
    "baseline": {
      "accuracy": 0.57,
      "mean": 0.57,
      "variance": 0.2451,
      "std_dev": 0.49507575177946256,
      "count": 200,
      "by_category": {
        "sentiment": {
          "accuracy": 0.6333333333333333,
          "mean": 0.6333333333333333,
          "variance": 0.23222222222222222,
          "std_dev": 0.4818944098266987,
          "count": 30
        },
        "math": {
          "accuracy": 0.175,
          "mean": 0.175,
          "variance": 0.14437499999999998,
          "std_dev": 0.3799671038392666,
          "count": 40
        },
        "logic": {
          "accuracy": 0.5333333333333333,
          "mean": 0.5333333333333333,
          "variance": 0.24888888888888888,
          "std_dev": 0.49888765156985887,
          "count": 30
        },
        "classification": {
          "accuracy": 0.6666666666666666,
          "mean": 0.6666666666666666,
          "variance": 0.22222222222222224,
          "std_dev": 0.4714045207910317,
          "count": 30
        },
        "reading": {
          "accuracy": 0.9333333333333333,
          "mean": 0.9333333333333333,
          "variance": 0.06222222222222222,
          "std_dev": 0.24944382578492943,
          "count": 30
        },
        "commonsense": {
          "accuracy": 0.75,
          "mean": 0.75,
          "variance": 0.1875,
          "std_dev": 0.4330127018922193,
          "count": 20
        },
        "code": {
          "accuracy": 0.45,
          "mean": 0.45,
          "variance": 0.2475,
          "std_dev": 0.49749371855331,
          "count": 20
        }
      }
    },
    "improved": {
      "accuracy": 0.465,
      "mean": 0.465,
      "variance": 0.24877500000000002,
      "std_dev": 0.4987734956871706,
      "count": 200,
      "by_category": {
        "sentiment": {
          "accuracy": 0.6666666666666666,
          "mean": 0.6666666666666666,
          "variance": 0.22222222222222224,
          "std_dev": 0.4714045207910317,
          "count": 30
        },
        "math": {
          "accuracy": 0.275,
          "mean": 0.275,
          "variance": 0.19937500000000002,
          "std_dev": 0.44651427748729383,
          "count": 40
        },
        "logic": {
          "accuracy": 0.06666666666666667,
          "mean": 0.06666666666666667,
          "variance": 0.06222222222222223,
          "std_dev": 0.24944382578492943,
          "count": 30
        },
        "classification": {
          "accuracy": 0.6333333333333333,
          "mean": 0.6333333333333333,
          "variance": 0.23222222222222216,
          "std_dev": 0.4818944098266986,
          "count": 30
        },
        "reading": {
          "accuracy": 0.8666666666666667,
          "mean": 0.8666666666666667,
          "variance": 0.11555555555555559,
          "std_dev": 0.33993463423951903,
          "count": 30
        },
        "commonsense": {
          "accuracy": 0.3,
          "mean": 0.3,
          "variance": 0.20999999999999996,
          "std_dev": 0.45825756949558394,
          "count": 20
        },
        "code": {
          "accuracy": 0.45,
          "mean": 0.45,
          "variance": 0.24749999999999997,
          "std_dev": 0.4974937185533099,
          "count": 20
        }
      },
      "improvement_pct": -18.421052631578934
    },
    "few_shot": {
      "accuracy": 0.52,
      "mean": 0.52,
      "variance": 0.24960000000000002,
      "std_dev": 0.4995998398718719,
      "count": 200,
      "by_category": {
        "sentiment": {
          "accuracy": 0.6333333333333333,
          "mean": 0.6333333333333333,
          "variance": 0.23222222222222222,
          "std_dev": 0.4818944098266987,
          "count": 30
        },
        "math": {
          "accuracy": 0.15,
          "mean": 0.15,
          "variance": 0.1275,
          "std_dev": 0.3570714214271425,
          "count": 40
        },
        "logic": {
          "accuracy": 0.6,
          "mean": 0.6,
          "variance": 0.24000000000000002,
          "std_dev": 0.48989794855663565,
          "count": 30
        },
        "classification": {
          "accuracy": 0.4,
          "mean": 0.4,
          "variance": 0.24000000000000002,
          "std_dev": 0.48989794855663565,
          "count": 30
        },
        "reading": {
          "accuracy": 0.8333333333333334,
          "mean": 0.8333333333333334,
          "variance": 0.1388888888888889,
          "std_dev": 0.37267799624996495,
          "count": 30
        },
        "commonsense": {
          "accuracy": 0.65,
          "mean": 0.65,
          "variance": 0.22749999999999998,
          "std_dev": 0.47696960070847283,
          "count": 20
        },
        "code": {
          "accuracy": 0.55,
          "mean": 0.55,
          "variance": 0.2475,
          "std_dev": 0.49749371855331,
          "count": 20
        }
      },
      "improvement_pct": -8.771929824561392
    },
    "cot": {
      "accuracy": 0.84,
      "mean": 0.84,
      "variance": 0.1344,
      "std_dev": 0.3666060555964672,
      "count": 200,
      "by_category": {
        "sentiment": {
          "accuracy": 0.8666666666666667,
          "mean": 0.8666666666666667,
          "variance": 0.11555555555555556,
          "std_dev": 0.33993463423951903,
          "count": 30
        },
        "math": {
          "accuracy": 0.85,
          "mean": 0.85,
          "variance": 0.1275,
          "std_dev": 0.3570714214271425,
          "count": 40
        },
        "logic": {
          "accuracy": 0.8,
          "mean": 0.8,
          "variance": 0.16000000000000003,
          "std_dev": 0.4,
          "count": 30
        },
        "classification": {
          "accuracy": 1.0,
          "mean": 1.0,
          "variance": 0.0,
          "std_dev": 0.0,
          "count": 30
        },
        "reading": {
          "accuracy": 0.9333333333333333,
          "mean": 0.9333333333333333,
          "variance": 0.06222222222222222,
          "std_dev": 0.24944382578492943,
          "count": 30
        },
        "commonsense": {
          "accuracy": 0.4,
          "mean": 0.4,
          "variance": 0.24000000000000005,
          "std_dev": 0.48989794855663565,
          "count": 20
        },
        "code": {
          "accuracy": 0.9,
          "mean": 0.9,
          "variance": 0.09,
          "std_dev": 0.3,
          "count": 20
        }
      },
      "improvement_pct": 47.36842105263159
    },
    "role_based": {
      "accuracy": 0.595,
      "mean": 0.595,
      "variance": 0.240975,
      "std_dev": 0.4908920451586071,
      "count": 200,
      "by_category": {
        "sentiment": {
          "accuracy": 0.7,
          "mean": 0.7,
          "variance": 0.21,
          "std_dev": 0.458257569495584,
          "count": 30
        },
        "math": {
          "accuracy": 0.3,
          "mean": 0.3,
          "variance": 0.20999999999999996,
          "std_dev": 0.45825756949558394,
          "count": 40
        },
        "logic": {
          "accuracy": 0.6666666666666666,
          "mean": 0.6666666666666666,
          "variance": 0.22222222222222224,
          "std_dev": 0.4714045207910317,
          "count": 30
        },
        "classification": {
          "accuracy": 0.4666666666666667,
          "mean": 0.4666666666666667,
          "variance": 0.24888888888888888,
          "std_dev": 0.49888765156985887,
          "count": 30
        },
        "reading": {
          "accuracy": 0.9333333333333333,
          "mean": 0.9333333333333333,
          "variance": 0.06222222222222222,
          "std_dev": 0.24944382578492943,
          "count": 30
        },
        "commonsense": {
          "accuracy": 0.7,
          "mean": 0.7,
          "variance": 0.21000000000000002,
          "std_dev": 0.45825756949558405,
          "count": 20
        },
        "code": {
          "accuracy": 0.5,
          "mean": 0.5,
          "variance": 0.25,
          "std_dev": 0.5,
          "count": 20
        }
      },