{
  "overall": {
    "accuracy": 0.57,
    "mean": 0.57,
    "variance": 0.2451,
    "std_dev": 0.49507575177946256,
    "count": 200
  },
  "by_category": {
    "sentiment": {
      "accuracy": 0.6333333333333333,
      "mean": 0.6333333333333333,
      "variance": 0.23222222222222222,
      "std_dev": 0.4818944098266987,
      "count": 30
    },
    "math": {
      "accuracy": 0.175,
      "mean": 0.175,
      "variance": 0.14437499999999998,
      "std_dev": 0.3799671038392666,
      "count": 40
    },
    "logic": {
      "accuracy": 0.5333333333333333,
      "mean": 0.5333333333333333,
      "variance": 0.24888888888888888,
      "std_dev": 0.49888765156985887,
      "count": 30
    },
    "classification": {
      "accuracy": 0.6666666666666666,
      "mean": 0.6666666666666666,
      "variance": 0.22222222222222224,
      "std_dev": 0.4714045207910317,
      "count": 30
    },
    "reading": {
      "accuracy": 0.9333333333333333,
      "mean": 0.9333333333333333,
      "variance": 0.06222222222222222,
      "std_dev": 0.24944382578492943,
      "count": 30
    },
    "commonsense": {
      "accuracy": 0.75,
      "mean": 0.75,
      "variance": 0.1875,
      "std_dev": 0.4330127018922193,
      "count": 20
    },
    "code": {
      "accuracy": 0.45,
      "mean": 0.45,
      "variance": 0.2475,
      "std_dev": 0.49749371855331,
      "count": 20
    }
  },
  "by_difficulty": {
    "3": {
      "accuracy": 0.57,
      "mean": 0.57,
      "variance": 0.2451,
      "std_dev": 0.49507575177946256,
      "count": 200
    }
  }
}