{
  "overall": {
    "accuracy": 0.445,
    "mean": 0.445,
    "variance": 0.24697499999999994,
    "std_dev": 0.49696579359147036,
    "count": 200
  },
  "by_category": {
    "sentiment": {
      "accuracy": 0.0,
      "mean": 0.0,
      "variance": 0.0,
      "std_dev": 0.0,
      "count": 30
    },
    "math": {
      "accuracy": 0.525,
      "mean": 0.525,
      "variance": 0.24937499999999999,
      "std_dev": 0.4993746088859545,
      "count": 40
    },
    "logic": {
      "accuracy": 0.6333333333333333,
      "mean": 0.6333333333333333,
      "variance": 0.23222222222222216,
      "std_dev": 0.4818944098266986,
      "count": 30
    },
    "classification": {
      "accuracy": 0.13333333333333333,
      "mean": 0.13333333333333333,
      "variance": 0.11555555555555559,
      "std_dev": 0.33993463423951903,
      "count": 30
    },
    "reading": {
      "accuracy": 0.8333333333333334,
      "mean": 0.8333333333333334,
      "variance": 0.1388888888888889,
      "std_dev": 0.37267799624996495,
      "count": 30
    },
    "commonsense": {
      "accuracy": 0.35,
      "mean": 0.35,
      "variance": 0.22749999999999998,
      "std_dev": 0.47696960070847283,
      "count": 20
    },
    "code": {
      "accuracy": 0.65,
      "mean": 0.65,
      "variance": 0.22750000000000004,
      "std_dev": 0.4769696007084729,
      "count": 20
    }
  },
  "by_difficulty": {
    "1": {
      "accuracy": 0.703125,
      "mean": 0.703125,
      "variance": 0.208740234375,
      "std_dev": 0.4568809849129202,
      "count": 64
    },
    "2": {
      "accuracy": 0.4142857142857143,
      "mean": 0.4142857142857143,
      "variance": 0.24265306122448968,
      "std_dev": 0.4925982757019047,
      "count": 70
    },
    "3": {
      "accuracy": 0.22727272727272727,
      "mean": 0.22727272727272727,
      "variance": 0.17561983471074383,
      "std_dev": 0.4190702026042222,
      "count": 66
    }
  }
}