{
  "overall": {
    "accuracy": 0.84,
    "mean": 0.84,
    "variance": 0.1344,
    "std_dev": 0.3666060555964672,
    "count": 200
  },
  "by_category": {
    "sentiment": {
      "accuracy": 0.8666666666666667,
      "mean": 0.8666666666666667,
      "variance": 0.11555555555555556,
      "std_dev": 0.33993463423951903,
      "count": 30
    },
    "math": {
      "accuracy": 0.85,
      "mean": 0.85,
      "variance": 0.1275,
      "std_dev": 0.3570714214271425,
      "count": 40
    },
    "logic": {
      "accuracy": 0.8,
      "mean": 0.8,
      "variance": 0.16000000000000003,
      "std_dev": 0.4,
      "count": 30
    },
    "classification": {
      "accuracy": 1.0,
      "mean": 1.0,
      "variance": 0.0,
      "std_dev": 0.0,
      "count": 30
    },
    "reading": {
      "accuracy": 0.9333333333333333,
      "mean": 0.9333333333333333,
      "variance": 0.06222222222222222,
      "std_dev": 0.24944382578492943,
      "count": 30
    },
    "commonsense": {
      "accuracy": 0.4,
      "mean": 0.4,
      "variance": 0.24000000000000005,
      "std_dev": 0.48989794855663565,
      "count": 20
    },
    "code": {
      "accuracy": 0.9,
      "mean": 0.9,
      "variance": 0.09,
      "std_dev": 0.3,
      "count": 20
    }
  },
  "by_difficulty": {
    "3": {
      "accuracy": 0.84,
      "mean": 0.84,
      "variance": 0.1344,
      "std_dev": 0.3666060555964672,
      "count": 200
    }
  }
}