{
  "overall": {
    "accuracy": 0.465,
    "mean": 0.465,
    "variance": 0.24877500000000002,
    "std_dev": 0.4987734956871706,
    "count": 200
  },
  "by_category": {
    "sentiment": {
      "accuracy": 0.6666666666666666,
      "mean": 0.6666666666666666,
      "variance": 0.22222222222222224,
      "std_dev": 0.4714045207910317,
      "count": 30
    },
    "math": {
      "accuracy": 0.275,
      "mean": 0.275,
      "variance": 0.19937500000000002,
      "std_dev": 0.44651427748729383,
      "count": 40
    },
    "logic": {
      "accuracy": 0.06666666666666667,
      "mean": 0.06666666666666667,
      "variance": 0.06222222222222223,
      "std_dev": 0.24944382578492943,
      "count": 30
    },
    "classification": {
      "accuracy": 0.6333333333333333,
      "mean": 0.6333333333333333,
      "variance": 0.23222222222222216,
      "std_dev": 0.4818944098266986,
      "count": 30
    },
    "reading": {
      "accuracy": 0.8666666666666667,
      "mean": 0.8666666666666667,
      "variance": 0.11555555555555559,
      "std_dev": 0.33993463423951903,
      "count": 30
    },
    "commonsense": {
      "accuracy": 0.3,
      "mean": 0.3,
      "variance": 0.20999999999999996,
      "std_dev": 0.45825756949558394,
      "count": 20
    },
    "code": {
      "accuracy": 0.45,
      "mean": 0.45,
      "variance": 0.24749999999999997,
      "std_dev": 0.4974937185533099,
      "count": 20
    }
  },
  "by_difficulty": {
    "3": {
      "accuracy": 0.465,
      "mean": 0.465,
      "variance": 0.24877500000000002,
      "std_dev": 0.4987734956871706,
      "count": 200
    }
  }
}