{
  "overall": {
    "accuracy": 0.595,
    "mean": 0.595,
    "variance": 0.240975,
    "std_dev": 0.4908920451586071,
    "count": 200
  },
  "by_category": {
    "sentiment": {
      "accuracy": 0.7,
      "mean": 0.7,
      "variance": 0.21,
      "std_dev": 0.458257569495584,
      "count": 30
    },
    "math": {
      "accuracy": 0.3,
      "mean": 0.3,
      "variance": 0.20999999999999996,
      "std_dev": 0.45825756949558394,
      "count": 40
    },
    "logic": {
      "accuracy": 0.6666666666666666,
      "mean": 0.6666666666666666,
      "variance": 0.22222222222222224,
      "std_dev": 0.4714045207910317,
      "count": 30
    },
    "classification": {
      "accuracy": 0.4666666666666667,
      "mean": 0.4666666666666667,
      "variance": 0.24888888888888888,
      "std_dev": 0.49888765156985887,
      "count": 30
    },
    "reading": {
      "accuracy": 0.9333333333333333,
      "mean": 0.9333333333333333,
      "variance": 0.06222222222222222,
      "std_dev": 0.24944382578492943,
      "count": 30
    },
    "commonsense": {
      "accuracy": 0.7,
      "mean": 0.7,
      "variance": 0.21000000000000002,
      "std_dev": 0.45825756949558405,
      "count": 20
    },
    "code": {
      "accuracy": 0.5,
      "mean": 0.5,
      "variance": 0.25,
      "std_dev": 0.5,
      "count": 20
    }
  },
  "by_difficulty": {
    "3": {
      "accuracy": 0.595,
      "mean": 0.595,
      "variance": 0.240975,
      "std_dev": 0.4908920451586071,
      "count": 200
    }
  }
}