{
  "overall": {
    "accuracy": 0.525,
    "mean": 0.525,
    "variance": 0.24937499999999996,
    "std_dev": 0.4993746088859544,
    "count": 200
  },
  "by_category": {
    "sentiment": {
      "accuracy": 0.7,
      "mean": 0.7,
      "variance": 0.21000000000000002,
      "std_dev": 0.45825756949558405,
      "count": 30
    },
    "math": {
      "accuracy": 0.3,
      "mean": 0.3,
      "variance": 0.20999999999999996,
      "std_dev": 0.45825756949558394,
      "count": 40
    },
    "logic": {
      "accuracy": 0.6,
      "mean": 0.6,
      "variance": 0.2400000000000001,
      "std_dev": 0.4898979485566357,
      "count": 30
    },
    "classification": {
      "accuracy": 0.4666666666666667,
      "mean": 0.4666666666666667,
      "variance": 0.24888888888888897,
      "std_dev": 0.4988876515698589,
      "count": 30
    },
    "reading": {
      "accuracy": 0.8333333333333334,
      "mean": 0.8333333333333334,
      "variance": 0.13888888888888887,
      "std_dev": 0.3726779962499649,
      "count": 30
    },
    "commonsense": {
      "accuracy": 0.25,
      "mean": 0.25,
      "variance": 0.1875,
      "std_dev": 0.4330127018922193,
      "count": 20
    },
    "code": {
      "accuracy": 0.5,
      "mean": 0.5,
      "variance": 0.25,
      "std_dev": 0.5,
      "count": 20
    }
  },
  "by_difficulty": {
    "3": {
      "accuracy": 0.525,
      "mean": 0.525,
      "variance": 0.24937499999999996,
      "std_dev": 0.4993746088859544,
      "count": 200
    }
  }
}